-- ====================================================
-- Crear la base de datos
-- ====================================================

use master
go
if exists (select * from sysdatabases where name = 'ControlPatrimonial')
begin
	drop database ControlPatrimonial
end

create database ControlPatrimonial
go

use ControlPatrimonial
go

/* ********************************************************************
                        CREACION DE TABLAS
   ******************************************************************** */
/****************** TABLA USUARIO *************************/
create table Usuarios
(
    Codigo_Usuario           Int Identity(1000, 1),
	Nombres               Varchar(40)   not null,
    Apellido_Paterno      Varchar(30)   not null,
    Apellido_Materno	  Varchar(30)   not null,
	DNI         varchar(8) not null,
	Usuario     varchar(15) not null,
	Contraseña   varchar(20) not null,

	primary key(Codigo_Usuario) 
)

/****************** TABLA AMBIENTES *************************/
create table Ambientes
(
    Codigo_Ambientes           Varchar(12)   not null,
	Nombre               Varchar(30)   not null,
	Codigo_Usuario       Int not null,

	primary key(Codigo_Ambientes),
	foreign key (Codigo_Usuario) references Usuarios
)
/****************** TABLA TIPO *************************/
create table Tipo
(
    Codigo_Tipo           Varchar(12)   not null,
	Nombre               Varchar(30)   not null,
	primary key(Codigo_Tipo)
)

/****************** TABLA COMPUTO *************************/
create table Computo
(
    Codigo           Varchar(12)   not null,
	Descripcion           Varchar(40)   not null,
	Marca               Varchar(30)   not null,
	Modelo              Varchar(30) not null,
	Caracteristicas           Varchar(40) ,
	Estado           Varchar(10)   not null,
	Observacion           Varchar(45)   ,
	Valor_Historico           numeric(15,2)   not null,
	Depreciacion           numeric(15,2)   not null,
	Valor_Neto           numeric(15,2)   not null,
	Fecha_Compra           datetime   not null,
	Depreciacion_Mensual           numeric(15,2)   not null,
	Tiempo_Vida           numeric(2)   not null,

	primary key(Codigo)
)

/****************** TABLA MUEBLES *************************/
create table Muebles
(
    Codigo           Varchar(12)   not null,
	Descripcion           Varchar(45)   not null,
	Estado               Varchar(15)   not null,	
	Color           Varchar(15) not null,
	Dimensiones           Varchar(50)   not null,
	Observacion           Varchar(50)  ,
	Valor_Historico           numeric(15,2)   not null,
	Depreciacion           numeric(15,2)   not null,
	Valor_Neto           numeric(15,2)   not null,
	Fecha_Compra           datetime   not null,
	Depreciacion_Anual           numeric(15,2)   not null,
	Tiempo_Vida           numeric(2)   not null,

	primary key(Codigo)
)

/****************** TABLA BIENES *************************/
create table Bienes
(
		
    Codigo           Varchar(12)   not null,
	Codigo_Tipo      Varchar(12)   not null,
	Codigo_Ambiente         Varchar(12) not null,

	primary key(Codigo),
	-- foreign key(Codigo) references Computo,
	-- foreign key(Codigo) references Muebles,
	foreign key (Codigo_Tipo) references Tipo,
	foreign key(Codigo_Ambiente) references Ambientes
)


USE ControlPatrimonial
-- Insertar datos en tabla Computo
INSERT INTO Muebles VALUES
('746461240049', 'ESCRITORIO DE MELAMINA', 'BUEN', 'Marrón', 'Alt:76cm - Anc: 1.20metros - Prof:49cm', '', 300.0, 30.0, 270.0, '2019-04-02', 2.5, 10),
('74648187B569', 'SILLA FIJA DE METAL', 'BUEN', 'Gris', 'Alt:76cm - Anc:58cm - Prof:58cm', '', 110.0, 11.0, 99.0, '2019-04-02', 0.92, 10),
('746461242011', 'ESCRITORIO DE MELAMINA', 'BUEN', 'Marrón', 'Alt:76cm - Anc: 1.20metros - Prof:49cm', '', 300.0, 30.0, 270.0, '2019-04-02', 2.5, 10),
('746481195600', 'SILLA FIJA DE MADERA', 'BUEN', 'Marrón', 'Alt:76cm - Anc:58cm - Prof:58cm', '', 120.0, 12.0, 108.0, '2019-04-02', 1.0, 10),
('746461240110', 'ESCRITORIO DE MELAMINA', 'BUEN', 'Marrón', 'Alt:76cm - Anc: 1.20metros - Prof:49cm', '', 300.0, 30.0, 270.0, '2019-04-02', 2.5, 10),
('746483900704', 'SILLA GIRATORIA', 'MAL', 'Negro', 'Alt:72cm - Anc:54cm - Prof:55cm', 'SIN UNA RUEDA', 200.0, 20.0, 180.0, '2019-04-02', 1.67, 10),
('746461240149', 'ESCRITORIO DE MELAMINA', 'BUEN', 'Marrón', 'Alt:76cm - Anc: 1.20metros - Prof:49cm', '', 300.0, 30.0, 270.0, '2019-04-02', 2.5, 10),
('746483900578', 'SILLA GIRATORIA', 'BUEN', 'Negro', 'Alt:72cm - Anc:54cm - Prof:55cm', '', 200.0, 20.0, 180.0, '2019-04-02', 1.67, 10),
('746461246023', 'ESCRITORIO DE MELAMINA', 'BUEN', 'Marrón', 'Alt:76cm - Anc: 1.20metros - Prof:49cm', '', 300.0, 30.0, 270.0, '2019-04-02', 2.5, 10),
('746483900699', 'SILLA GIRATORIA', 'BUEN', 'Negro', 'Alt:72cm - Anc:54cm - Prof:55cm', '', 200.0, 20.0, 180.0, '2019-04-02', 1.67, 10),
('746461240015', 'ESCRITORIO DE MELAMINA', 'BUEN', 'Marrón', 'Alt:76cm - Anc: 1.20metros - Prof:49cm', '', 300.0, 30.0, 270.0, '2019-04-02', 2.5, 10),
('746483900633', 'SILLA GIRATORIA', 'BUEN', 'Negro', 'Alt:72cm - Anc:54cm - Prof:55cm', '', 200.0, 20.0, 180.0, '2019-04-02', 1.67, 10),
('746461240014', 'ESCRITORIO DE MELAMINA', 'BUEN', 'Marrón', 'Alt:76cm - Anc: 1.20metros - Prof:49cm', '', 300.0, 30.0, 270.0, '2019-04-02', 2.5, 10),
('746483900589', 'SILLA GIRATORIA', 'BUEN', 'Negro', 'Alt:72cm - Anc:54cm - Prof:55cm', '', 200.0, 20.0, 180.0, '2019-04-02', 1.67, 10),
('746461240019', 'ESCRITORIO DE MELAMINA', 'BUEN', 'Marrón', 'Alt:76cm - Anc: 1.20metros - Prof:49cm', '', 300.0, 30.0, 270.0, '2019-04-02', 2.5, 10),
('746483900688', 'SILLA GIRATORIA', 'BUEN', 'Negro', 'Alt:72cm - Anc:54cm - Prof:55cm', '', 200.0, 20.0, 180.0, '2019-04-02', 1.67, 10),
('746461240134', 'ESCRITORIO DE MELAMINA', 'BUEN', 'Marrón', 'Alt:76cm - Anc: 1.20metros - Prof:49cm', '', 300.0, 30.0, 270.0, '2019-04-02', 2.5, 10),
('746483907050', 'SILLA GIRATORIA', 'BUEN', 'Negro', 'Alt:72cm - Anc:54cm - Prof:55cm', '', 200.0, 20.0, 180.0, '2019-04-02', 1.67, 10),
('746461240136', 'ESCRITORIO DE MELAMINA', 'BUEN', 'Marrón', 'Alt:76cm - Anc: 1.20metros - Prof:49cm', '', 300.0, 30.0, 270.0, '2019-04-02', 2.5, 10),
('746481195654', 'SILLA FIJA DE MADERA', 'BUEN', 'Marrón', 'Alt:72cm - Anc:54cm - Prof:55cm', '', 120.0, 12.0, 108.0, '2019-04-02', 1.0, 10),
('746461240028', 'ESCRITORIO DE MELAMINA', 'BUEN', 'Marrón', 'Alt:76cm - Anc: 1.20metros - Prof:49cm', '', 300.0, 30.0, 270.0, '2019-04-02', 2.5, 10),
('746483900632', 'SILLA GIRATORIA', 'BUEN', 'Negro', 'Alt:72cm - Anc:54cm - Prof:55cm', '', 200.0, 20.0, 180.0, '2019-04-02', 1.67, 10),
('746461240029', 'ESCRITORIO DE MELAMINA', 'BUEN', 'Marrón', 'Alt:76cm - Anc: 1.20metros - Prof:49cm', '', 300.0, 30.0, 270.0, '2019-04-02', 2.5, 10),
('746483900610', 'SILLA GIRATORIA', 'REGULAR', 'Negro', 'Alt:72cm - Anc:54cm - Prof:55cm', 'FALTA PERNOS PARTE INFERIOR', 200.0, 20.0, 180.0, '2019-04-02', 1.67, 10),
('746461240025', 'ESCRITORIO DE MELAMINA', 'BUEN', 'Marrón', 'Alt:76cm - Anc: 1.20metros - Prof:49cm', '', 300.0, 30.0, 270.0, '2019-04-02', 2.5, 10),
('746483900683', 'SILLA GIRATORIA', 'BUEN', 'Negro', 'Alt:72cm - Anc:54cm - Prof:55cm', '', 200.0, 20.0, 180.0, '2019-04-02', 1.67, 10),
('746461240024', 'ESCRITORIO DE MELAMINA', 'BUEN', 'Marrón', 'Alt:76cm - Anc: 1.20metros - Prof:49cm', '', 300.0, 30.0, 270.0, '2019-04-02', 2.5, 10),
('746483900706', 'SILLA GIRATORIA', 'BUEN', 'Negro', 'Alt:72cm - Anc:54cm - Prof:55cm', '', 200.0, 20.0, 180.0, '2019-04-02', 1.67, 10),
('746461240140', 'ESCRITORIO DE MELAMINA', 'BUEN', 'Marrón', 'Alt:76cm - Anc: 1.20metros - Prof:49cm', '', 300.0, 30.0, 270.0, '2019-04-02', 2.5, 10),
('746483900598', 'SILLA GIRATORIA', 'MAL', 'Negro', 'Alt:72cm - Anc:54cm - Prof:55cm', 'FALTA PERNOS EN EL ESPALDAR', 200.0, 20.0, 180.0, '2019-04-02', 1.67, 10),
('746461240144', 'ESCRITORIO DE MELAMINA', 'BUEN', 'Marrón', 'Alt:76cm - Anc: 1.20metros - Prof:49cm', '', 300.0, 30.0, 270.0, '2019-04-02', 2.5, 10),
('746483900705', 'SILLA GIRATORIA', 'BUEN', 'Negro', 'Alt:72cm - Anc:54cm - Prof:55cm', '', 200.0, 20.0, 180.0, '2019-04-02', 1.67, 10),
('746461240017', 'ESCRITORIO DE MELAMINA', 'BUEN', 'Marrón', 'Alt:76cm - Anc: 1.20metros - Prof:49cm', '', 300.0, 30.0, 270.0, '2019-04-02', 2.5, 10),
('746483900614', 'SILLA GIRATORIA', 'BUEN', 'Negro', 'Alt:72cm - Anc:54cm - Prof:55cm', '', 200.0, 20.0, 180.0, '2019-04-02', 1.67, 10),
('746461240016', 'ESCRITORIO DE MELAMINA', 'BUEN', 'Marrón', 'Alt:76cm - Anc: 1.20metros - Prof:49cm', '', 300.0, 30.0, 270.0, '2019-04-02', 2.5, 10),
('746483900726', 'SILLA GIRATORIA', 'BUEN', 'Negro', 'Alt:72cm - Anc:54cm - Prof:55cm', '', 200.0, 20.0, 180.0, '2019-04-02', 1.67, 10),
('746461240013', 'ESCRITORIO DE MELAMINA', 'BUEN', 'Marrón', 'Alt:76cm - Anc: 1.20metros - Prof:49cm', '', 300.0, 30.0, 270.0, '2019-04-02', 2.5, 10),
('746483900690', 'SILLA GIRATORIA', 'BUEN', 'Negro', 'Alt:72cm - Anc:54cm - Prof:55cm', '', 200.0, 20.0, 180.0, '2019-04-02', 1.67, 10),
('746461240031', 'ESCRITORIO DE MELAMINA', 'BUEN', 'Marrón', 'Alt:76cm - Anc: 1.20metros - Prof:49cm', '', 300.0, 30.0, 270.0, '2019-04-02', 2.5, 10),
('746483900682', 'SILLA GIRATORIA', 'BUEN', 'Negro', 'Alt:72cm - Anc:54cm - Prof:55cm', '', 200.0, 20.0, 180.0, '2019-04-02', 1.67, 10),
('746461240018', 'ESCRITORIO DE MELAMINA', 'BUEN', 'Marrón', 'Alt:76cm - Anc: 1.20metros - Prof:49cm', '', 300.0, 30.0, 270.0, '2019-04-02', 2.5, 10),
('746481194167', 'SILLA FIJA DE MADERA', 'BUEN', 'Marrón', 'Alt:76cm - Anc:58cm - Prof:58cm', '', 120.0, 12.0, 108.0, '2019-04-02', 1.0, 10),
('746461240107', 'ESCRITORIO DE MELAMINA', 'BUEN', 'Marrón', 'Alt:76cm - Anc: 1.20metros - Prof:49cm', '', 300.0, 30.0, 270.0, '2019-04-02', 2.5, 10),
('746483900681', 'SILLA GIRATORIA', 'MAL', 'Negro', 'Alt:72cm - Anc:54cm - Prof:55cm', 'SIN ESPALDAR', 200.0, 20.0, 180.0, '2019-04-02', 1.67, 10),
('746461240027', 'ESCRITORIO DE MELAMINA', 'BUEN', 'Marrón', 'Alt:76cm - Anc: 1.20metros - Prof:49cm', '', 300.0, 30.0, 270.0, '2019-04-02', 2.5, 10),
('746481194250', 'SILLA FIJA DE MADERA', 'BUEN', 'Marrón', 'Alt:76cm - Anc:58cm - Prof:58cm', '', 120.0, 12.0, 108.0, '2019-04-02', 1.0, 10),
('746461240012', 'ESCRITORIO DE MELAMINA', 'BUEN', 'Marrón', 'Alt:76cm - Anc: 1.20metros - Prof:49cm', '', 300.0, 30.0, 270.0, '2019-04-02', 2.5, 10),
('74648187B589', 'SILLA FIJA DE METAL', 'BUEN', 'Gris', 'Alt:76cm - Anc:58cm - Prof:58cm', '', 110.0, 11.0, 99.0, '2019-04-02', 0.92, 10),
('746459832021', 'ESCRITORIO DE MELAMINA', 'BUEN', 'Marrón', 'Alt:76cm - Anc: 1.20metros - Prof:49cm', '', 300.0, 30.0, 270.0, '2019-04-02', 2.5, 10),
('746483900677', 'SILLA GIRATORIA', 'BUEN', 'Negro', 'Alt:72cm - Anc:54cm - Prof:55cm', '', 200.0, 20.0, 180.0, '2019-04-02', 1.67, 10),
('004INF02015A', 'PUERTA INGRESO DE REJAS', 'BUEN', 'Negro', 'Alt:205cm - Anc:95cm - Prof:7cm', '', 250.0, 25.0, 225.0, '2019-04-02', 2.08, 10),
('005INF03014A', 'PUERTA DE INGRESO DE MADERA', 'REGULAR', 'Marrón', 'Alt:204cm - Anc:94cm - Prof:7cm', 'NO SE ABRE FACILMENTE', 180.0, 18.0, 162.0, '2019-04-02', 1.5, 10),
('746444910091', 'GABINETE DE EXTINTOR', 'BUEN', 'Rojo', 'Alt:60cm - Anc:36cm - Prof:20cm', '', 80.0, 8.0, 72.0, '2019-04-02', 0.67, 10),
('882225251293', 'EXTINTOR', 'BUEN', 'Rojo', 'Alt:55cm - Diámetro del equipo:15 cm', '6kg', 105.0, 10.5, 94.5, '2019-04-02', 0.88, 10)

USE ControlPatrimonial
-- Insertar datos en tabla Computo
INSERT INTO Muebles VALUES
('746461240030', 'ESCRITORIO DE MELAMINA', 'BUEN', 'Marrón', 'Alt:76cm - Anc: 1.20metros - Prof:49cm', '', 300.0, 30.0, 270.0, '2019-04-02', 2.5, 10),
('746483900642', 'SILLA GIRATORIA', 'MAL', 'Gris', 'Alt:76cm - Anc:58cm - Prof:58cm', 'SIN CABECERA', 200.0, 20.0, 180.0, '2019-04-02', 1.67, 10),
('746461240078', 'ESCRITORIO DE MELAMINA', 'BUEN', 'Marrón', 'Alt:76cm - Anc: 1.20metros - Prof:49cm', '', 300.0, 30.0, 270.0, '2019-04-02', 2.5, 10),
('746412710525', 'SILLA FIJA DE MADERA', 'BUEN', 'Marrón', 'Alt:76cm - Anc:58cm - Prof:58cm', '', 120.0, 12.0, 108.0, '2019-04-02', 1.0, 10),
('746461240153', 'ESCRITORIO DE MELAMINA', 'BUEN', 'Marrón', 'Alt:76cm - Anc: 1.20metros - Prof:49cm', '', 300.0, 30.0, 270.0, '2019-04-02', 2.5, 10),
('746483900639', 'SILLA GIRATORIA', 'MAL', 'Negro', 'Alt:72cm - Anc:54cm - Prof:55cm', 'SENTADERA SALIDA', 200.0, 20.0, 180.0, '2019-04-02', 1.67, 10),
('746461240052', 'ESCRITORIO DE MELAMINA', 'BUEN', 'Marrón', 'Alt:76cm - Anc: 1.20metros - Prof:49cm', '', 300.0, 30.0, 270.0, '2019-04-02', 2.5, 10),
('74648187B605', 'SILLA FIJA DE METAL', 'BUEN', 'Negro', 'Alt:72cm - Anc:54cm - Prof:55cm', '', 110.0, 11.0, 99.0, '2019-04-02', 0.92, 10),
('746461240051', 'ESCRITORIO DE MELAMINA', 'BUEN', 'Marrón', 'Alt:76cm - Anc: 1.20metros - Prof:49cm', '', 300.0, 30.0, 270.0, '2019-04-02', 2.5, 10),
('746483900725', 'SILLA GIRATORIA', 'BUEN', 'Negro', 'Alt:72cm - Anc:54cm - Prof:55cm', '', 200.0, 20.0, 180.0, '2019-04-02', 1.67, 10),
('746461240053', 'ESCRITORIO DE MELAMINA', 'BUEN', 'Marrón', 'Alt:76cm - Anc: 1.20metros - Prof:49cm', '', 300.0, 30.0, 270.0, '2019-04-02', 2.5, 10),
('746483900856', 'SILLA GIRATORIA', 'BUEN', 'Negro', 'Alt:72cm - Anc:54cm - Prof:55cm', '', 200.0, 20.0, 180.0, '2019-04-02', 1.67, 10),
('746461240108', 'ESCRITORIO DE MELAMINA', 'BUEN', 'Marrón', 'Alt:76cm - Anc: 1.20metros - Prof:49cm', '', 300.0, 30.0, 270.0, '2019-04-02', 2.5, 10),
('746483900616', 'SILLA GIRATORIA', 'BUEN', 'Negro', 'Alt:72cm - Anc:54cm - Prof:55cm', '', 200.0, 20.0, 180.0, '2019-04-02', 1.67, 10),
('746461240099', 'ESCRITORIO DE MELAMINA', 'BUEN', 'Marrón', 'Alt:76cm - Anc: 1.20metros - Prof:49cm', '', 300.0, 30.0, 270.0, '2019-04-02', 2.5, 10),
('746483900358', 'SILLA GIRATORIA', 'BUEN', 'Negro', 'Alt:72cm - Anc:54cm - Prof:55cm', '', 200.0, 20.0, 180.0, '2019-04-02', 1.67, 10),
('746461240050', 'ESCRITORIO DE MELAMINA', 'BUEN', 'Marrón', 'Alt:76cm - Anc: 1.20metros - Prof:49cm', '', 300.0, 30.0, 270.0, '2019-04-02', 2.5, 10),
('746483900600', 'SILLA GIRATORIA', 'BUEN', 'Negro', 'Alt:72cm - Anc:54cm - Prof:55cm', '', 200.0, 20.0, 180.0, '2019-04-02', 1.67, 10),
('746461240047', 'ESCRITORIO DE MELAMINA', 'BUEN', 'Marrón', 'Alt:76cm - Anc: 1.20metros - Prof:49cm', '', 300.0, 30.0, 270.0, '2019-04-02', 2.5, 10),
('746483900719', 'SILLA GIRATORIA', 'BUEN', 'Marrón', 'Alt:72cm - Anc:54cm - Prof:55cm', '', 120.0, 12.0, 108.0, '2019-04-02', 1.0, 10),
('746461240040', 'ESCRITORIO DE MELAMINA', 'BUEN', 'Marrón', 'Alt:76cm - Anc: 1.20metros - Prof:49cm', '', 300.0, 30.0, 270.0, '2019-04-02', 2.5, 10),
('746483900634', 'SILLA GIRATORIA', 'REGULAR', 'Negro', 'Alt:72cm - Anc:54cm - Prof:55cm', '', 200.0, 20.0, 180.0, '2019-04-02', 1.67, 10),
('746461240046', 'ESCRITORIO DE MELAMINA', 'BUEN', 'Marrón', 'Alt:76cm - Anc: 1.20metros - Prof:49cm', '', 300.0, 30.0, 270.0, '2019-04-02', 2.5, 10),
('746483900125', 'SILLA GIRATORIA', 'REGULAR', 'Negro', 'Alt:72cm - Anc:54cm - Prof:55cm', '', 200.0, 20.0, 180.0, '2019-04-02', 1.67, 10),
('746461240158', 'ESCRITORIO DE MELAMINA', 'BUEN', 'Marrón', 'Alt:76cm - Anc: 1.20metros - Prof:49cm', '', 300.0, 30.0, 270.0, '2019-04-02', 2.5, 10),
('746483900709', 'SILLA GIRATORIA', 'BUEN', 'Negro', 'Alt:72cm - Anc:54cm - Prof:55cm', '', 200.0, 20.0, 180.0, '2019-04-02', 1.67, 10),
('746461240037', 'ESCRITORIO DE MELAMINA', 'BUEN', 'Marrón', 'Alt:76cm - Anc: 1.20metros - Prof:49cm', '', 300.0, 30.0, 270.0, '2019-04-02', 2.5, 10),
('746483900563', 'SILLA GIRATORIA', 'BUEN', 'Negro', 'Alt:72cm - Anc:54cm - Prof:55cm', '', 200.0, 20.0, 180.0, '2019-04-02', 1.67, 10),
('746461240042', 'ESCRITORIO DE MELAMINA', 'BUEN', 'Marrón', 'Alt:76cm - Anc: 1.20metros - Prof:49cm', '', 300.0, 30.0, 270.0, '2019-04-02', 2.5, 10),
('746483900572', 'SILLA GIRATORIA', 'BUEN', 'Negro', 'Alt:72cm - Anc:54cm - Prof:55cm', '', 200.0, 20.0, 180.0, '2019-04-02', 1.67, 10),
('746461240041', 'ESCRITORIO DE MELAMINA', 'BUEN', 'Marrón', 'Alt:76cm - Anc: 1.20metros - Prof:49cm', '', 300.0, 30.0, 270.0, '2019-04-02', 2.5, 10),
('746483900646', 'SILLA GIRATORIA', 'REGULAR', 'Negro', 'Alt:72cm - Anc:54cm - Prof:55cm', '', 200.0, 20.0, 180.0, '2019-04-02', 1.67, 10),
('746461240034', 'ESCRITORIO DE MELAMINA', 'BUEN', 'Marrón', 'Alt:76cm - Anc: 1.20metros - Prof:49cm', '', 300.0, 30.0, 270.0, '2019-04-02', 2.5, 10),
('746483900656', 'SILLA GIRATORIA', 'BUEN', 'Negro', 'Alt:72cm - Anc:54cm - Prof:55cm', '', 200.0, 20.0, 180.0, '2019-04-02', 1.67, 10),
('746461240155', 'ESCRITORIO DE MELAMINA', 'BUEN', 'Marrón', 'Alt:76cm - Anc: 1.20metros - Prof:49cm', '', 300.0, 30.0, 270.0, '2019-04-02', 2.5, 10),
('746483900718', 'SILLA GIRATORIA', 'BUEN', 'Negro', 'Alt:72cm - Anc:54cm - Prof:55cm', '', 200.0, 20.0, 180.0, '2019-04-02', 1.67, 10),
('746461240032', 'ESCRITORIO DE MELAMINA', 'BUEN', 'Marrón', 'Alt:76cm - Anc: 1.20metros - Prof:49cm', '', 300.0, 30.0, 270.0, '2019-04-02', 2.5, 10),
('746483900621', 'SILLA GIRATORIA', 'BUEN', 'Negro', 'Alt:72cm - Anc:54cm - Prof:55cm', '', 200.0, 20.0, 180.0, '2019-04-02', 1.67, 10),
('746421240044', 'ESCRITORIO DE MELAMINA', 'BUEN', 'Marrón', 'Alt:76cm - Anc: 1.20metros - Prof:49cm', '', 300.0, 30.0, 270.0, '2019-04-02', 2.5, 10),
('746483900604', 'SILLA GIRATORIA', 'BUEN', 'Negro', 'Alt:72cm - Anc:54cm - Prof:55cm', '', 200.0, 20.0, 180.0, '2019-04-02', 1.67, 10),
('746461240542', 'ESCRITORIO DE MELAMINA', 'BUEN', 'Marrón', 'Alt:76cm - Anc: 1.20metros - Prof:49cm', '', 300.0, 30.0, 270.0, '2019-04-02', 2.5, 10),
('746461240001', 'ESCRITORIO DE MELAMINA', 'BUEN', 'Marrón', 'Alt:76cm - Anc: 1.20metros - Prof:49cm', '', 300.0, 30.0, 270.0, '2019-04-02', 2.5, 10),
('746483900720', 'SILLA GIRATORIA', 'BUEN', 'Negro', 'Alt:72cm - Anc:54cm - Prof:55cm', '', 200.0, 20.0, 180.0, '2019-04-02', 1.67, 10),
('746461240045', 'ESCRITORIO DE MELAMINA', 'BUEN', 'Marrón', 'Alt:76cm - Anc: 1.20metros - Prof:49cm', '', 300.0, 30.0, 270.0, '2019-04-02', 2.5, 10),
('746483900608', 'SILLA GIRATORIA', 'REGULAR', 'Marrón', 'Alt:76cm - Anc:58cm - Prof:58cm', '', 120.0, 12.0, 108.0, '2019-04-02', 1.0, 10),
('746461240039', 'ESCRITORIO DE MELAMINA', 'BUEN', 'Marrón', 'Alt:76cm - Anc: 1.20metros - Prof:49cm', '', 300.0, 30.0, 270.0, '2019-04-02', 2.5, 10),
('746481194007', 'SILLA FIJA DE MADERA', 'MAL', 'Gris', 'Alt:76cm - Anc:58cm - Prof:58cm', '', 120.0, 12.0, 108.0, '2019-04-02', 1.0, 10),
('746461240150', 'ESCRITORIO DE MELAMINA', 'BUEN', 'Marrón', 'Alt:76cm - Anc: 1.20metros - Prof:49cm', '', 300.0, 30.0, 270.0, '2019-04-02', 2.5, 10),
('74648187B586', 'BANQUITO DE MADERA', 'BUEN', 'Marrón', 'Alt:22cm  Anc:25cm - Prof:31cm', '', 15.0, 1.5, 13.5, '2019-04-02', 0.13, 10),
('746483900631', 'SILLA GIRATORIA', 'MAL', 'Negro', 'Alt:76cm - Anc:58cm - Prof:58cm', 'SIN ESPALDAR', 200.0, 20.0, 180.0, '2019-04-02', 1.67, 10),
('746483900703', 'SILLA GIRATORIA', 'MAL', 'Negro', 'Alt:76cm - Anc:58cm - Prof:58cm', 'SIN ESPALDAR', 200.0, 20.0, 180.0, '2019-04-02', 1.67, 10),
('004INF02015B', 'PUERTA INGRESO DE REJAS', 'BUEN', 'Negro', 'Alt:205cm - Anc:95cm', '', 250.0, 25.0, 225.0, '2019-04-02', 2.08, 10),
('005INF03015A', 'PUERTA DE INGRESO DE MADERA', 'REGULAR', 'Marrón', 'Alt:204cm - Anc:94cm', 'NO ENCAJA AL CERRAR', 180.0, 18.0, 162.0, '2019-04-02', 1.5, 10),
('746444610094', 'GABINETE DE EXTINTOR', 'BUEN', 'Rojo', 'Alt:60 - Anc:36cm - Prof:20cm', '', 80.0, 8.0, 72.0, '2019-04-02', 0.67, 10),
('882225251301', 'EXTINTOR', 'BUEN', 'Rojo', 'Alt:55cm - Diámetro del equipo:15 cm', '6kg', 120.0, 12.0, 108.0, '2019-04-02', 1.0, 10)

USE ControlPatrimonial
-- Insertar datos en tabla Computo
INSERT INTO Computo VALUES
('740899505183', 'CPU', 'LENOVO', 'THINKSTATION P320', 'INTEL XEON E3-1230 8GB RAM 500GB HDD', 'BUEN', 'POSEE TARJETA DE VIDEO NVIDIA QUADRO K620', 6879.0, 1719.75, 5159.25, '2019-01-01', 143.31, 4),
('740877004423', 'MONITOR', 'LG', 'FLATRON E2051', 'PANTALLA DE 20 in', 'BUEN', '', 298.0, 74.5, 223.5, '2019-01-01', 6.21, 4),
('740895006307', 'TECLADO', 'LENOVO', 'SK8825', '', 'BUEN', '', 90.0, 22.5, 67.5, '2019-01-01', 1.88, 4),
('740888230401', 'MOUSE', 'HP', 'M-UV96', '', 'BUEN', '', 15.58, 3.9, 11.69, '2019-01-01', 0.32, 4),
('740899505192', 'CPU', 'LENOVO', 'THINKSTATION P320', 'INTEL XEON E3-1230 8GB RAM 500GB HDD', 'BUEN', 'POSEE TARJETA DE VIDEO NVIDIA QUADRO K620', 6879.0, 1719.75, 5159.25, '2019-01-01', 143.31, 4),
('740877004432', 'MONITOR', 'LG', 'FLATRON E2051', 'PANTALLA DE 20 in', 'BUEN', '', 298.0, 74.5, 223.5, '2019-01-01', 6.21, 4),
('740895006319', 'TECLADO', 'LENOVO', 'SK8825', '', 'BUEN', '', 90.0, 22.5, 67.5, '2019-01-01', 1.88, 4),
('740888230412', 'MOUSE', 'HP', 'M-UV96', '', 'BUEN', '', 15.58, 3.9, 11.69, '2019-01-01', 0.32, 4),
('740899505285', 'CPU', 'LENOVO', 'THINKSTATION P320', 'INTEL XEON E3-1230 8GB RAM 500GB HDD', 'BUEN', 'POSEE TARJETA DE VIDEO NVIDIA QUADRO K620', 6879.0, 1719.75, 5159.25, '2019-01-01', 143.31, 4),
('740877005577', 'MONITOR', 'LG', 'FLATRON E2051', 'PANTALLA DE 20 in', 'BUEN', '', 298.0, 74.5, 223.5, '2019-01-01', 6.21, 4),
('740895006602', 'TECLADO', 'LENOVO', 'SK8825', '', 'BUEN', '', 90.0, 22.5, 67.5, '2019-01-01', 1.88, 4),
('740888230422', 'MOUSE', 'HP', 'M-UV96', '', 'BUEN', '', 15.58, 3.9, 11.69, '2019-01-01', 0.32, 4),
('740899505284', 'CPU', 'LENOVO', 'THINKSTATION P320', 'INTEL XEON E3-1230 8GB RAM 500GB HDD', 'BUEN', 'POSEE TARJETA DE VIDEO NVIDIA QUADRO K620', 6879.0, 1719.75, 5159.25, '2019-01-01', 143.31, 4),
('740877005576', 'MONITOR', 'LG', 'FLATRON E2051', 'PANTALLA DE 20 in', 'BUEN', '', 298.0, 74.5, 223.5, '2019-01-01', 6.21, 4),
('740895006601', 'TECLADO', 'LENOVO', 'SK8825', '', 'BUEN', '', 90.0, 22.5, 67.5, '2019-01-01', 1.88, 4),
('740888230433', 'MOUSE', 'LENOVO', 'MSU1175', '', 'BUEN', '', 15.58, 3.9, 11.69, '2019-01-01', 0.32, 4),
('740899505191', 'CPU', 'LENOVO', 'THINKSTATION P320', 'INTEL XEON E3-1230 8GB RAM 500GB HDD', 'BUEN', 'POSEE TARJETA DE VIDEO NVIDIA QUADRO K620', 6879.0, 1719.75, 5159.25, '2019-01-01', 143.31, 4),
('740877004431', 'MONITOR', 'LG', 'FLATRON E2051', 'PANTALLA DE 20 in', 'BUEN', '', 298.0, 74.5, 223.5, '2019-01-01', 6.21, 4),
('740895006318', 'TECLADO', 'LENOVO', 'SK8825', '', 'BUEN', '', 90.0, 22.5, 67.5, '2019-01-01', 1.88, 4),
('740888230444', 'MOUSE', 'LENOVO', 'MSU1175', '', 'BUEN', '', 15.58, 3.9, 11.69, '2019-01-01', 0.32, 4),
('740899505182', 'CPU', 'LENOVO', 'THINKSTATION P320', 'INTEL XEON E3-1230 8GB RAM 1TB HDD', 'BUEN', 'POSEE TARJETA DE VIDEO NVIDIA QUADRO K620', 6879.0, 1719.75, 5159.25, '2019-01-01', 143.31, 4),
('740877004422', 'MONITOR', 'LG', 'FLATRON E2051', 'PANTALLA DE 20 in', 'BUEN', '', 298.0, 74.5, 223.5, '2019-01-01', 6.21, 4),
('740895006305', 'TECLADO', 'LENOVO', 'SK8825', '', 'BUEN', '', 90.0, 22.5, 67.5, '2019-01-01', 1.88, 4),
('740888230455', 'MOUSE', 'HP', 'M-UV96', '', 'BUEN', '', 15.58, 3.9, 11.69, '2019-01-01', 0.32, 4),
('748899505180', 'CPU', 'LENOVO', 'THINKSTATION P320', 'INTEL XEON E3-1230 8GB RAM 500GB HDD', 'BUEN', 'POSEE TARJETA DE VIDEO NVIDIA QUADRO K620', 6879.0, 1719.75, 5159.25, '2019-01-01', 143.31, 4),
('740877004421', 'MONITOR', 'LG', 'FLATRON E2051', 'PANTALLA DE 20 in', 'BUEN', '', 298.0, 74.5, 223.5, '2019-01-01', 6.21, 4),
('740895006302', 'TECLADO', 'LENOVO', 'SK8825', '', 'BUEN', '', 90.0, 22.5, 67.5, '2019-01-01', 1.88, 4),
('740888230466', 'MOUSE', 'HP', 'M-UV96', '', 'BUEN', '', 15.58, 3.9, 11.69, '2019-01-01', 0.32, 4),
('740899505190', 'CPU', 'LENOVO', 'THINKSTATION P320', 'INTEL XEON E3-1230 8GB RAM 500GB HDD', 'BUEN', 'POSEE TARJETA DE VIDEO NVIDIA QUADRO K620', 6879.0, 1719.75, 5159.25, '2019-01-01', 143.31, 4),
('740877004430', 'MONITOR', 'LG', 'FLATRON E2051', 'PANTALLA DE 20 in', 'BUEN', '', 298.0, 74.5, 223.5, '2019-01-01', 6.21, 4),
('740895006316', 'TECLADO', 'LENOVO', 'SK8825', '', 'BUEN', '', 90.0, 22.5, 67.5, '2019-01-01', 1.88, 4),
('740888230468', 'MOUSE', 'LENOVO', 'MSU1175', '', 'BUEN', '', 15.58, 3.9, 11.69, '2019-01-01', 0.32, 4),
('740899505283', 'CPU', 'LENOVO', 'THINKSTATION P320', 'INTEL XEON E3-1230 8GB RAM 500GB HDD', 'BUEN', 'POSEE TARJETA DE VIDEO NVIDIA QUADRO K620', 6879.0, 1719.75, 5159.25, '2019-01-01', 143.31, 4),
('740877005575', 'MONITOR', 'LG', 'FLATRON E2051', 'PANTALLA DE 20 in', 'BUEN', '', 298.0, 74.5, 223.5, '2019-01-01', 6.21, 4),
('740895006600', 'TECLADO', 'LENOVO', 'SK8825', '', 'BUEN', '', 90.0, 22.5, 67.5, '2019-01-01', 1.88, 4),
('740888230470', 'MOUSE', 'LENOVO', 'MSU1175', '', 'BUEN', '', 15.58, 3.9, 11.69, '2019-01-01', 0.32, 4),
('740899505482', 'CPU', 'LENOVO', 'THINKSTATION P320', 'INTEL XEON E3-1230 8GB RAM 500GB HDD', 'BUEN', 'POSEE TARJETA DE VIDEO NVIDIA QUADRO K620', 6879.0, 1719.75, 5159.25, '2019-01-01', 143.31, 4),
('740877005574', 'MONITOR', 'LG', 'FLATRON E2051', 'PANTALLA DE 20 in', 'BUEN', '', 298.0, 74.5, 223.5, '2019-01-01', 6.21, 4),
('740895006569', 'TECLADO', 'LENOVO', 'SK8825', '', 'BUEN', '', 90.0, 22.5, 67.5, '2019-01-01', 1.88, 4),
('740888230473', 'MOUSE', 'LENOVO', 'MSU1175', '', 'BUEN', '', 15.58, 3.9, 11.69, '2019-01-01', 0.32, 4),
('740899505189', 'CPU', 'LENOVO', 'THINKSTATION P320', 'INTEL XEON E3-1230 8GB RAM 500GB HDD', 'BUEN', 'POSEE TARJETA DE VIDEO NVIDIA QUADRO K620', 6879.0, 1719.75, 5159.25, '2019-01-01', 143.31, 4),
('740877004429', 'MONITOR', 'LG', 'FLATRON E2051', 'PANTALLA DE 20 in', 'BUEN', '', 298.0, 74.5, 223.5, '2019-01-01', 6.21, 4),
('740895006315', 'TECLADO', 'LENOVO', 'SK8825', '', 'BUEN', '', 90.0, 22.5, 67.5, '2019-01-01', 1.88, 4),
('740888230122', 'MOUSE', 'LENOVO', 'MSU1175', '', 'BUEN', '', 15.58, 3.9, 11.69, '2019-01-01', 0.32, 4),
('740899505180', 'CPU', 'LENOVO', 'THINKSTATION P320', 'INTEL XEON E3-1230 8GB RAM 500GB HDD', 'BUEN', 'POSEE TARJETA DE VIDEO NVIDIA QUADRO K620', 6879.0, 1719.75, 5159.25, '2019-01-01', 143.31, 4),
('740877004420', 'MONITOR', 'LG', 'FLATRON E2051', 'PANTALLA DE 20 in', 'BUEN', '', 298.0, 74.5, 223.5, '2019-01-01', 6.21, 4),
('740895006301', 'TECLADO', 'LENOVO', 'SK8825', '', 'BUEN', '', 90.0, 22.5, 67.5, '2019-01-01', 1.88, 4),
('740888231222', 'MOUSE', 'HP', 'M-UV96', '', 'BUEN', '', 15.58, 3.9, 11.69, '2019-01-01', 0.32, 4),
('740899505179', 'CPU', 'LENOVO', 'THINKSTATION P320', 'INTEL XEON E3-1230 8GB RAM 500GB HDD', 'BUEN', 'POSEE TARJETA DE VIDEO NVIDIA QUADRO K620', 6879.0, 1719.75, 5159.25, '2019-01-01', 143.31, 4),
('740877004419', 'MONITOR', 'LG', 'FLATRON E2051', 'PANTALLA DE 20 in', 'BUEN', '', 298.0, 74.5, 223.5, '2019-01-01', 6.21, 4),
('740895006298', 'TECLADO', 'LENOVO', 'SK8825', '', 'BUEN', '', 90.0, 22.5, 67.5, '2019-01-01', 1.88, 4),
('740888232423', 'MOUSE', 'LENOVO', 'MSU1175', '', 'BUEN', '', 15.58, 3.9, 11.69, '2019-01-01', 0.32, 4),
('740899505188', 'CPU', 'LENOVO', 'THINKSTATION P320', 'INTEL XEON E3-1230 8GB RAM 500GB HDD', 'BUEN', 'POSEE TARJETA DE VIDEO NVIDIA QUADRO K620', 6879.0, 1719.75, 5159.25, '2019-01-01', 143.31, 4),
('740877004428', 'MONITOR', 'LG', 'FLATRON E2051', 'PANTALLA DE 20 in', 'BUEN', '', 298.0, 74.5, 223.5, '2019-01-01', 6.21, 4),
('740895006314', 'TECLADO', 'LENOVO', 'SK8825', '', 'BUEN', '', 90.0, 22.5, 67.5, '2019-01-01', 1.88, 4),
('740888231432', 'MOUSE', 'LENOVO', 'MSU1175', '', 'BUEN', '', 15.58, 3.9, 11.69, '2019-01-01', 0.32, 4),
('740899505481', 'CPU', 'LENOVO', 'THINKSTATION P320', 'INTEL XEON E3-1230 8GB RAM 500GB HDD', 'BUEN', 'POSEE TARJETA DE VIDEO NVIDIA QUADRO K620', 6879.0, 1719.75, 5159.25, '2019-01-01', 143.31, 4),
('740877005573', 'MONITOR', 'LG', 'FLATRON E2051', 'PANTALLA DE 20 in', 'BUEN', '', 298.0, 74.5, 223.5, '2019-01-01', 6.21, 4),
('740895006598', 'TECLADO', 'LENOVO', 'SK8825', '', 'BUEN', '', 90.0, 22.5, 67.5, '2019-01-01', 1.88, 4),
('740888232321', 'MOUSE', 'ECOTREND', 'KMS-02', '', 'BUEN', '', 15.58, 3.9, 11.69, '2019-01-01', 0.32, 4),
('740899505480', 'CPU', 'LENOVO', 'THINKSTATION P320', 'INTEL XEON E3-1230 8GB RAM 500GB HDD', 'BUEN', 'POSEE TARJETA DE VIDEO NVIDIA QUADRO K620', 6879.0, 1719.75, 5159.25, '2019-01-01', 143.31, 4),
('740877005572', 'MONITOR', 'LG', 'FLATRON E2051', 'PANTALLA DE 20 in', 'BUEN', '', 298.0, 74.5, 223.5, '2019-01-01', 6.21, 4),
('740895006597', 'TECLADO', 'LENOVO', 'SK8825', '', 'BUEN', '', 90.0, 22.5, 67.5, '2019-01-01', 1.88, 4),
('740888231254', 'MOUSE', 'HP', 'M-UV96', '', 'BUEN', '', 15.58, 3.9, 11.69, '2019-01-01', 0.32, 4),
('740899505187', 'CPU', 'LENOVO', 'THINKSTATION P320', 'INTEL XEON E3-1230 8GB RAM 500GB HDD', 'BUEN', 'POSEE TARJETA DE VIDEO NVIDIA QUADRO K620', 6879.0, 1719.75, 5159.25, '2019-01-01', 143.31, 4),
('740877004427', 'MONITOR', 'LG', 'FLATRON E2051', 'PANTALLA DE 20 in', 'BUEN', '', 298.0, 74.5, 223.5, '2019-01-01', 6.21, 4),
('740895006312', 'TECLADO', 'LENOVO', 'SK8825', '', 'BUEN', '', 90.0, 22.5, 67.5, '2019-01-01', 1.88, 4),
('740888233451', 'MOUSE', 'LENOVO', 'MSU1175', '', 'BUEN', '', 15.58, 3.9, 11.69, '2019-01-01', 0.32, 4),
('740899505178', 'CPU', 'LENOVO', 'THINKSTATION P320', 'INTEL XEON E3-1230 8GB RAM 500GB HDD', 'BUEN', 'POSEE TARJETA DE VIDEO NVIDIA QUADRO K620', 6879.0, 1719.75, 5159.25, '2019-01-01', 143.31, 4),
('740877004418', 'MONITOR', 'LG', 'FLATRON E2051', 'PANTALLA DE 20 in', 'BUEN', '', 298.0, 74.5, 223.5, '2019-01-01', 6.21, 4),
('740895006297', 'TECLADO', 'LENOVO', 'SK8825', '', 'BUEN', '', 90.0, 22.5, 67.5, '2019-01-01', 1.88, 4),
('740888231271', 'MOUSE', 'LENOVO', 'MSU1175', '', 'BUEN', '', 15.58, 3.9, 11.69, '2019-01-01', 0.32, 4),
('740899505176', 'CPU', 'LENOVO', 'THINKSTATION P320', 'INTEL XEON E3-1230 8GB RAM 500GB HDD', 'BUEN', 'POSEE TARJETA DE VIDEO NVIDIA QUADRO K620', 6879.0, 1719.75, 5159.25, '2019-01-01', 143.31, 4),
('740877004417', 'MONITOR', 'LG', 'FLATRON E2051', 'PANTALLA DE 20 in', 'BUEN', '', 298.0, 74.5, 223.5, '2019-01-01', 6.21, 4),
('740895006289', 'TECLADO', 'ECOTREND', 'KMS-02', '', 'BUEN', '', 90.0, 22.5, 67.5, '2019-01-01', 1.88, 4),
('740888235412', 'MOUSE', 'LENOVO', 'MSU1175', '', 'BUEN', '', 15.58, 3.9, 11.69, '2019-01-01', 0.32, 4),
('740899505186', 'CPU', 'LENOVO', 'THINKSTATION P320', 'INTEL XEON E3-1230 8GB RAM 500GB HDD', 'BUEN', 'POSEE TARJETA DE VIDEO NVIDIA QUADRO K620', 6879.0, 1719.75, 5159.25, '2019-01-01', 143.31, 4),
('740877004425', 'MONITOR', 'LG', 'FLATRON E2051', 'PANTALLA DE 20 in', 'BUEN', '', 298.0, 74.5, 223.5, '2019-01-01', 6.21, 4),
('740895006309', 'TECLADO', 'LENOVO', 'SK8825', '', 'BUEN', '', 90.0, 22.5, 67.5, '2019-01-01', 1.88, 4),
('740888231218', 'MOUSE', 'LENOVO', 'MSU1175', '', 'BUEN', '', 15.58, 3.9, 11.69, '2019-01-01', 0.32, 4),
('740899505195', 'CPU', 'LENOVO', 'THINKSTATION P320', 'INTEL XEON E3-1230 8GB RAM 500GB HDD', 'BUEN', 'POSEE TARJETA DE VIDEO NVIDIA QUADRO K620', 6879.0, 1719.75, 5159.25, '2019-01-01', 143.31, 4),
('740877004434', 'MONITOR', 'LG', 'FLATRON E2051', 'PANTALLA DE 20 in', 'BUEN', '', 298.0, 74.5, 223.5, '2019-01-01', 6.21, 4),
('740895006321', 'TECLADO', 'LENOVO', 'SK8825', '', 'BUEN', '', 90.0, 22.5, 67.5, '2019-01-01', 1.88, 4),
('740888233210', 'MOUSE', 'LENOVO', 'MSU1175', '', 'BUEN', '', 15.58, 3.9, 11.69, '2019-01-01', 0.32, 4),
('740899505194', 'CPU', 'LENOVO', 'THINKSTATION P320', 'INTEL XEON E3-1230 8GB RAM 500GB HDD', 'BUEN', 'POSEE TARJETA DE VIDEO NVIDIA QUADRO K620', 6879.0, 1719.75, 5159.25, '2019-01-01', 143.31, 4),
('740877004433', 'MONITOR', 'LG', 'FLATRON E2051', 'PANTALLA DE 20 in', 'BUEN', '', 298.0, 74.5, 223.5, '2019-01-01', 6.21, 4),
('740895006320', 'TECLADO', 'LENOVO', 'SK8825', '', 'BUEN', '', 90.0, 22.5, 67.5, '2019-01-01', 1.88, 4),
('740888239874', 'MOUSE', 'LENOVO', 'MSU1175', '', 'BUEN', '', 15.58, 3.9, 11.69, '2019-01-01', 0.32, 4),
('740899505184', 'CPU', 'LENOVO', 'THINKSTATION P320', 'INTEL XEON E3-1230 8GB RAM 500GB HDD', 'BUEN', 'POSEE TARJETA DE VIDEO NVIDIA QUADRO K620', 6879.0, 1719.75, 5159.25, '2019-01-01', 143.31, 4),
('740877004424', 'MONITOR', 'LG', 'FLATRON E2051', 'PANTALLA DE 20 in', 'BUEN', '', 298.0, 74.5, 223.5, '2019-01-01', 6.21, 4),
('740895006308', 'TECLADO', 'LENOVO', 'SK8825', '', 'BUEN', '', 90.0, 22.5, 67.5, '2019-01-01', 1.88, 4),
('740888237132', 'MOUSE', 'HP', 'M-UV96', '', 'BUEN', '', 15.58, 3.9, 11.69, '2019-01-01', 0.32, 4),
('740899505198', 'CPU', 'LENOVO', 'THINKSTATION P320', 'INTEL XEON E3-1230 8GB RAM 500GB HDD', 'BUEN', 'POSEE TARJETA DE VIDEO NVIDIA QUADRO K620', 6879.0, 1719.75, 5159.25, '2019-01-01', 143.31, 4),
('740877004415', 'MONITOR', 'LG', 'FLATRON E2051', 'PANTALLA DE 20 in', 'BUEN', '', 298.0, 74.5, 223.5, '2019-01-01', 6.21, 4),
('740895006288', 'TECLADO', 'ECOTREND', 'KMS-02', '', 'BUEN', '', 90.0, 22.5, 67.5, '2019-01-01', 1.88, 4),
('740888231249', 'MOUSE', 'HP', 'M-UV96', '', 'BUEN', '', 15.58, 3.9, 11.69, '2019-01-01', 0.32, 4),
('740899505272', 'CPU', 'LENOVO', 'THINKSTATION P320', 'INTEL XEON E3-1230 8GB RAM 500GB HDD', 'BUEN', 'POSEE TARJETA DE VIDEO NVIDIA QUADRO K620', 6879.0, 1719.75, 5159.25, '2019-01-01', 143.31, 4),
('740877004980', 'MONITOR', 'LG', '16M35', 'PANTALLA DE 16 in', 'BUEN', '', 298.0, 74.5, 223.5, '2019-01-01', 6.21, 4),
('740895006331', 'TECLADO', 'LENOVO', 'SK8825', '', 'BUEN', '', 90.0, 22.5, 67.5, '2019-01-01', 1.88, 4),
('740888233267', 'MOUSE', 'LENOVO', 'MSU1175', '', 'BUEN', '', 15.58, 3.9, 11.69, '2019-01-01', 0.32, 4),
('952278341029', 'PROYECTOR', 'HITACHI', 'CP-WX4042WN', '', 'BUEN', '', 5132.61, 1283.15, 3849.46, '2019-01-01', 106.93, 4),
('952265142781', 'RACK', 'MEGARACK', 'TV RACK 37-55', '', 'BUEN', '', 150.0, 37.5, 112.5, '2019-01-01', 3.13, 4),
('952281170069', 'SWITCH DE 28 PUERTOS', 'D-LINK', 'VES-1210-28', '', 'BUEN', '', 1860.0, 465.0, 1395.0, '2019-01-01', 38.75, 4),
('462200500083', 'UPS', 'APC', 'BACK-UPS RS500', '', 'BUEN', '', 307.45, 76.86, 230.59, '2019-01-01', 6.41, 4)

USE ControlPatrimonial
-- Insertar datos en tabla Computo
INSERT INTO Computo VALUES
('740899505208', 'CPU', 'LENOVO', 'THINKSTATION P320', 'INTEL XEON E3-1230 8GB RAM 512GB HDD', 'BUEN', 'POSEE TARJETA DE VIDEO NVIDIA QUADRO K620', 6879.0, 1719.75, 5159.25, '2019-01-01', 143.31, 4),
('740880370045', 'MONITOR', 'HP', 'V221', '"PANTALLA DE 19"""', 'BUEN', '', 298.0, 74.5, 223.5, '2019-01-01', 6.21, 4),
('740895006313', 'TECLADO', 'LENOVO', 'SK8825', '', 'BUEN', '', 90.0, 22.5, 67.5, '2019-01-01', 1.88, 4),
('740888235415', 'MOUSE', 'LENOVO', 'MSU1175', '', 'BUEN', '', 15.58, 3.895, 11.69, '2019-01-01', 0.32, 4),
('740899506134', 'CPU', 'LENOVO', 'THINKPAD M910S', 'CORE I7 7700 16GB RAM 512GB HDD', 'BUEN', 'GRAFICOS INTEL HD 630 EN EL PROCESADOR', 6879.0, 1719.75, 5159.25, '2019-01-01', 143.31, 4),
('740877005308', 'MONITOR', 'LENOVO', 'P2224DA', '"PANTALLA DE 22"""', 'BUEN', '', 298.0, 74.5, 223.5, '2019-01-01', 6.21, 4),
('740895007251', 'TECLADO', 'LENOVO', 'SK8827', '', 'BUEN', '', 90.0, 22.5, 67.5, '2019-01-01', 1.88, 4),
('740888232231', 'MOUSE', 'LENOVO', 'MSU1175', '', 'BUEN', '', 15.58, 3.895, 11.69, '2019-01-01', 0.32, 4),
('740899506142', 'CPU', 'LENOVO', 'THINKPAD M910S', 'CORE I7 7700 16GB RAM 512GB HDD', 'BUEN', 'GRAFICOS INTEL HD 630 EN EL PROCESADOR', 6879.0, 1719.75, 5159.25, '2019-01-01', 143.31, 4),
('740877000036', 'MONITOR', 'HP', 'V221', '"PANTALLA DE 19"""', 'BUEN', '', 298.0, 74.5, 223.5, '2019-01-01', 6.21, 4),
('740895007259', 'TECLADO', 'LENOVO', 'SK8827', '', 'BUEN', '', 90.0, 22.5, 67.5, '2019-01-01', 1.88, 4),
('740888237090', 'MOUSE', 'LENOVO', 'MSU1175', '', 'BUEN', '', 15.58, 3.895, 11.69, '2019-01-01', 0.32, 4),
('740899506141', 'CPU', 'LENOVO', 'THINKPAD M910S', 'CORE I7 7700 16GB RAM 512GB HDD', 'BUEN', 'GRAFICOS INTEL HD 630 EN EL PROCESADOR', 6879.0, 1719.75, 5159.25, '2019-01-01', 143.31, 4),
('740877005315', 'MONITOR', 'LENOVO', 'P2224DA', '"PANTALLA DE 22"""', 'BUEN', '', 298.0, 74.5, 223.5, '2019-01-01', 6.21, 4),
('740895007258', 'TECLADO', 'LENOVO', 'SK8827', '', 'BUEN', '', 90.0, 22.5, 67.5, '2019-01-01', 1.88, 4),
('740888233276', 'MOUSE', 'LENOVO', 'MSU8823', '', 'BUEN', '', 15.58, 3.895, 11.69, '2019-01-01', 0.32, 4),
('740899505919', 'CPU', 'LENOVO', 'THINKSTATION P320', 'INTEL XEON E3-1230 8GB RAM 512GB HDD', 'BUEN', 'POSEE TARJETA DE VIDEO NVIDIA QUADRO K620', 6879.0, 1719.75, 5159.25, '2019-01-01', 143.31, 4),
('740877005307', 'MONITOR', 'LENOVO', 'T2224DA', '"PANTALLA DE 22"""', 'BUEN', '', 298.0, 74.5, 223.5, '2019-01-01', 6.21, 4),
('740895007250', 'TECLADO', 'LENOVO', 'SK8827', '', 'BUEN', '', 90.0, 22.5, 67.5, '2019-01-01', 1.88, 4),
('740888231324', 'MOUSE', 'LENOVO', 'MSU1175', '', 'BUEN', '', 15.58, 3.895, 11.69, '2019-01-01', 0.32, 4),
('740899505207', 'CPU', 'LENOVO', 'THINKSTATION P320', 'INTEL XEON E3-1230 8GB RAM 512GB HDD', 'BUEN', 'POSEE TARJETA DE VIDEO NVIDIA QUADRO K620', 6879.0, 1719.75, 5159.25, '2019-01-01', 143.31, 4),
('740880370044', 'MONITOR', 'HP', 'V221', '"PANTALLA DE 19"""', 'BUEN', '', 298.0, 74.5, 223.5, '2019-01-01', 6.21, 4),
('740895006311', 'TECLADO', 'LENOVO', 'SK8827', '', 'BUEN', '', 90.0, 22.5, 67.5, '2019-01-01', 1.88, 4),
('740888231488', 'MOUSE', 'LENOVO', 'MSU1175', '', 'BUEN', '', 15.58, 3.895, 11.69, '2019-01-01', 0.32, 4),
('740899505206', 'CPU', 'LENOVO', 'THINKSTATION P320', 'INTEL XEON E3-1230 8GB RAM 512GB HDD', 'BUEN', 'POSEE TARJETA DE VIDEO NVIDIA QUADRO K620', 6879.0, 1719.75, 5159.25, '2019-01-01', 143.31, 4),
('740880370043', 'MONITOR', 'HP', 'V221', '"PANTALLA DE 19"""', 'BUEN', '', 298.0, 74.5, 223.5, '2019-01-01', 6.21, 4),
('740895006310', 'TECLADO', 'LENOVO', 'SK8827', '', 'BUEN', '', 90.0, 22.5, 67.5, '2019-01-01', 1.88, 4),
('740888239877', 'MOUSE', 'LENOVO', 'MSU8823', '', 'BUEN', '', 15.58, 3.895, 11.69, '2019-01-01', 0.32, 4),
('740899506140', 'CPU', 'LENOVO', 'THINKPAD M910S', 'CORE I7 7700 16GB RAM 512GB HDD', 'BUEN', 'GRAFICOS INTEL HD 630 EN EL PROCESADOR', 6879.0, 1719.75, 5159.25, '2019-01-01', 143.31, 4),
('740877005314', 'MONITOR', 'LENOVO', 'P2224DA', '"PANTALLA DE 22"""', 'BUEN', '', 298.0, 74.5, 223.5, '2019-01-01', 6.21, 4),
('740895007257', 'TECLADO', 'LENOVO', 'SK8827', '', 'BUEN', '', 90.0, 22.5, 67.5, '2019-01-01', 1.88, 4),
('740888236654', 'MOUSE', 'LENOVO', 'MSU8823', '', 'BUEN', '', 15.58, 3.895, 11.69, '2019-01-01', 0.32, 4),
('740899506132', 'CPU', 'LENOVO', 'THINKPAD M910S', 'CORE I7 7700 16GB RAM 512GB HDD', 'BUEN', 'GRAFICOS INTEL HD 630 EN EL PROCESADOR', 6879.0, 1719.75, 5159.25, '2019-01-01', 143.31, 4),
('740877005306', 'MONITOR', 'LENOVO', 'P2224DA', '"PANTALLA DE 22"""', 'BUEN', '', 298.0, 74.5, 223.5, '2019-01-01', 6.21, 4),
('740895007249', 'TECLADO', 'LENOVO', 'SK8827', '', 'BUEN', '', 90.0, 22.5, 67.5, '2019-01-01', 1.88, 4),
('740888234431', 'MOUSE', 'LENOVO', 'MSU8823', '', 'BUEN', '', 15.58, 3.895, 11.69, '2019-01-01', 0.32, 4),
('740899506131', 'CPU', 'LENOVO', 'THINKPAD M910S', 'CORE I7 7700 16GB RAM 512GB HDD', 'BUEN', 'GRAFICOS INTEL HD 630 EN EL PROCESADOR', 6879.0, 1719.75, 5159.25, '2019-01-01', 143.31, 4),
('740877005305', 'MONITOR', 'LENOVO', 'P2224DA', '"PANTALLA DE 22"""', 'BUEN', '', 298.0, 74.5, 223.5, '2019-01-01', 6.21, 4),
('740895007248', 'TECLADO', 'LENOVO', 'SK8827', '', 'BUEN', '', 90.0, 22.5, 67.5, '2019-01-01', 1.88, 4),
('740888235675', 'MOUSE', 'LENOVO', 'SM8823', '', 'BUEN', '', 15.58, 3.895, 11.69, '2019-01-01', 0.32, 4),
('740899506139', 'CPU', 'LENOVO', 'THINKPAD M910S', 'CORE I7 7700 16GB RAM 512GB HDD', 'BUEN', 'GRAFICOS INTEL HD 630 EN EL PROCESADOR', 6879.0, 1719.75, 5159.25, '2019-01-01', 143.31, 4),
('740877005316', 'MONITOR', 'LENOVO', 'P2224DA', '"PANTALLA DE 22"""', 'BUEN', '', 298.0, 74.5, 223.5, '2019-01-01', 6.21, 4),
('740895007255', 'TECLADO', 'LENOVO', 'SK8827', '', 'BUEN', '', 90.0, 22.5, 67.5, '2019-01-01', 1.88, 4),
('740888237413', 'MOUSE', 'LENOVO', 'MSU8823', '', 'BUEN', '', 15.58, 3.895, 11.69, '2019-01-01', 0.32, 4),
('740899504223', 'CPU', 'LENOVO', 'THINKSTATION P320', 'INTEL XEON E3-1230 8GB RAM 512GB HDD', 'BUEN', 'POSEE TARJETA DE VIDEO NVIDIA QUADRO K620', 6879.0, 1719.75, 5159.25, '2019-01-01', 143.31, 4),
('740880370042', 'MONITOR', 'HP', 'V221', '"PANTALLA DE 19"""', 'BUEN', '', 298.0, 74.5, 223.5, '2019-01-01', 6.21, 4),
('740895006306', 'TECLADO', 'LENOVO', 'SK8825', '', 'BUEN', '', 90.0, 22.5, 67.5, '2019-01-01', 1.88, 4),
('740888230984', 'MOUSE', 'LENOVO', 'MSU1175', '', 'BUEN', '', 15.58, 3.895, 11.69, '2019-01-01', 0.32, 4),
('740899505203', 'CPU', 'LENOVO', 'THINKSTATION P320', 'INTEL XEON E3-1230 8GB RAM 512GB HDD', 'BUEN', 'POSEE TARJETA DE VIDEO NVIDIA QUADRO K620', 6879.0, 1719.75, 5159.25, '2019-01-01', 143.31, 4),
('740880370040', 'MONITOR', 'HP', 'V221', '"PANTALLA DE 19"""', 'BUEN', '', 298.0, 74.5, 223.5, '2019-01-01', 6.21, 4),
('740895006304', 'TECLADO', 'LENOVO', 'SK8825', '', 'BUEN', '', 90.0, 22.5, 67.5, '2019-01-01', 1.88, 4),
('740888233711', 'MOUSE', 'HP', 'M-UV96', '', 'BUEN', '', 15.58, 3.895, 11.69, '2019-01-01', 0.32, 4),
('740899506130', 'CPU', 'LENOVO', 'THINKPAD M910S', 'CORE I7 7700 16GB RAM 512GB HDD', 'BUEN', 'GRAFICOS INTEL HD 630 EN EL PROCESADOR', 6879.0, 1719.75, 5159.25, '2019-01-01', 143.31, 4),
('740877005304', 'MONITOR', 'LENOVO', 'T2224DA', '"PANTALLA DE 22"""', 'BUEN', '', 298.0, 74.5, 223.5, '2019-01-01', 6.21, 4),
('740895007247', 'TECLADO', 'LENOVO', 'SK8827', '', 'BUEN', '', 90.0, 22.5, 67.5, '2019-01-01', 1.88, 4),
('740888238541', 'MOUSE', 'LENOVO', 'SM8823', '', 'BUEN', '', 15.58, 3.895, 11.69, '2019-01-01', 0.32, 4),
('740899506138', 'CPU', 'LENOVO', 'THINKPAD M910S', 'CORE I7 7700 16GB RAM 512GB HDD', 'BUEN', 'GRAFICOS INTEL HD 630 EN EL PROCESADOR', 6879.0, 1719.75, 5159.25, '2019-01-01', 143.31, 4),
('740877005312', 'MONITOR', 'LENOVO', 'T2224DA', '"PANTALLA DE 22"""', 'BUEN', '', 298.0, 74.5, 223.5, '2019-01-01', 6.21, 4),
('740888238450', 'MOUSE', 'HP', 'M-UV96', '', 'BUEN', '', 15.58, 3.895, 11.69, '2019-01-01', 0.32, 4),
('740899506137', 'CPU', 'LENOVO', 'THINKPAD M910S', 'CORE I7 7700 16GB RAM 512GB HDD', 'BUEN', 'GRAFICOS INTEL HD 630 EN EL PROCESADOR', 6879.0, 1719.75, 5159.25, '2019-01-01', 143.31, 4),
('740877005311', 'MONITOR', 'LENOVO', 'T2224DA', '"PANTALLA DE 22"""', 'BUEN', '', 298.0, 74.5, 223.5, '2019-01-01', 6.21, 4),
('740895007254', 'TECLADO', 'LENOVO', 'SK8827', '', 'BUEN', '', 90.0, 22.5, 67.5, '2019-01-01', 1.88, 4),
('740888231030', 'MOUSE', 'LENOVO', 'MSU1175', '', 'BUEN', '', 15.58, 3.895, 11.69, '2019-01-01', 0.32, 4),
('740899506129', 'CPU', 'LENOVO', 'THINKPAD M910S', 'CORE I7 7700 16GB RAM 512GB HDD', 'BUEN', 'GRAFICOS INTEL HD 630 EN EL PROCESADOR', 6879.0, 1719.75, 5159.25, '2019-01-01', 143.31, 4),
('740877005303', 'MONITOR', 'LENOVO', 'P2224DA', '"PANTALLA DE 22"""', 'BUEN', '', 298.0, 74.5, 223.5, '2019-01-01', 6.21, 4),
('740895007246', 'TECLADO', 'LENOVO', 'SK8827', '', 'BUEN', '', 90.0, 22.5, 67.5, '2019-01-01', 1.88, 4),
('740888232630', 'MOUSE', 'LENOVO', 'MSU1175', '', 'BUEN', '', 15.58, 3.895, 11.69, '2019-01-01', 0.32, 4),
('740899505911', 'CPU', 'LENOVO', 'THINKSTATION P320', 'INTEL XEON E3-1230 8GB RAM 512GB HDD', 'BUEN', 'POSEE TARJETA DE VIDEO NVIDIA QUADRO K620', 6879.0, 1719.75, 5159.25, '2019-01-01', 143.31, 4),
('740880370038', 'MONITOR', 'LENOVO', 'P2224DA', '"PANTALLA DE 22"""', 'BUEN', '', 298.0, 74.5, 223.5, '2019-01-01', 6.21, 4),
('740895006303', 'TECLADO', 'LENOVO', 'SK8825', '', 'BUEN', '', 90.0, 22.5, 67.5, '2019-01-01', 1.88, 4),
('740888230989', 'MOUSE', 'LENOVO', 'MSU1175', '', 'BUEN', '', 15.58, 3.895, 11.69, '2019-01-01', 0.32, 4),
('740899505903', 'CPU', 'LENOVO', 'THINKSTATION P320', 'INTEL XEON E3-1230 8GB RAM 512GB HDD', 'BUEN', 'POSEE TARJETA DE VIDEO NVIDIA QUADRO K620', 6879.0, 1719.75, 5159.25, '2019-01-01', 143.31, 4),
('740880370037', 'MONITOR', 'HP', 'V221', '"PANTALLA DE 19"""', 'BUEN', '', 298.0, 74.5, 223.5, '2019-01-01', 6.21, 4),
('740895006293', 'TECLADO', 'ECOTREND', 'KMS02', '', 'BUEN', '', 90.0, 22.5, 67.5, '2019-01-01', 1.88, 4),
('740888230098', 'MOUSE', 'LENOVO', 'MSU1175', '', 'BUEN', '', 15.58, 3.895, 11.69, '2019-01-01', 0.32, 4),
('740899505212', 'CPU', 'LENOVO', 'THINKSTATION P320', 'INTEL XEON E3-1230 8GB RAM 512GB HDD', 'BUEN', 'POSEE TARJETA DE VIDEO NVIDIA QUADRO K620', 6879.0, 1719.75, 5159.25, '2019-01-01', 143.31, 4),
('740880370050', 'MONITOR', 'HP', 'V221', '"PANTALLA DE 19"""', 'BUEN', '', 298.0, 74.5, 223.5, '2019-01-01', 6.21, 4),
('740895006329', 'TECLADO', 'LENOVO', 'SK8825', '', 'BUEN', '', 90.0, 22.5, 67.5, '2019-01-01', 1.88, 4),
('740888234562', 'MOUSE', 'LENOVO', 'MSU1175', '', 'BUEN', '', 15.58, 3.895, 11.69, '2019-01-01', 0.32, 4),
('740899506136', 'CPU', 'LENOVO', 'THINKPAD M910S', 'CORE I7 7700 16GB RAM 512GB HDD', 'BUEN', 'GRAFICOS INTEL HD 630 EN EL PROCESADOR', 6879.0, 1719.75, 5159.25, '2019-01-01', 143.31, 4),
('740877005310', 'MONITOR', 'HP', 'V221', '"PANTALLA DE 19"""', 'BUEN', '', 298.0, 74.5, 223.5, '2019-01-01', 6.21, 4),
('740895007253', 'TECLADO', 'LENOVO', 'KU-1619', '', 'BUEN', '', 90.0, 22.5, 67.5, '2019-01-01', 1.88, 4),
('740888230501', 'MOUSE', 'LENOVO', 'SM8823', '', 'BUEN', '', 15.58, 3.895, 11.69, '2019-01-01', 0.32, 4),
('740899506135', 'CPU', 'LENOVO', 'THINKPAD M910S', 'CORE I7 7700 16GB RAM 512GB HDD', 'BUEN', 'GRAFICOS INTEL HD 630 EN EL PROCESADOR', 6879.0, 1719.75, 5159.25, '2019-01-01', 143.31, 4),
('740877005309', 'MONITOR', 'LENOVO', 'T2224DA', '"PANTALLA DE 22"""', 'BUEN', '', 298.0, 74.5, 223.5, '2019-01-01', 6.21, 4),
('740895007252', 'TECLADO', 'LENOVO', 'SK8827', '', 'BUEN', '', 90.0, 22.5, 67.5, '2019-01-01', 1.88, 4),
('740888232545', 'MOUSE', 'LENOVO', 'SM8823', '', 'BUEN', '', 15.58, 3.895, 11.69, '2019-01-01', 0.32, 4),
('740899505210', 'CPU', 'LENOVO', 'THINKSTATION P320', 'INTEL XEON E3-1230 8GB RAM 512GB HDD', 'BUEN', 'POSEE TARJETA DE VIDEO NVIDIA QUADRO K620', 6879.0, 1719.75, 5159.25, '2019-01-01', 143.31, 4),
('740880370049', 'MONITOR', 'HP', 'V221', '"PANTALLA DE 19"""', 'BUEN', '', 298.0, 74.5, 223.5, '2019-01-01', 6.21, 4),
('740895006317', 'TECLADO', 'LENOVO', 'SK8825', '', 'BUEN', '', 90.0, 22.5, 67.5, '2019-01-01', 1.88, 4),
('740888230589', 'MOUSE', 'LENOVO', 'MSU1175', '', 'BUEN', '', 15.58, 3.895, 11.69, '2019-01-01', 0.32, 4),
('740899506133', 'CPU', 'LENOVO', 'THINKPAD M910S', 'CORE I7 7700 16GB RAM 512GB HDD', 'BUEN', 'GRAFICOS INTEL HD 630 EN EL PROCESADOR', 6879.0, 1719.75, 5159.25, '2019-01-01', 143.31, 4),
('740877005313', 'MONITOR', 'LENOVO', 'T2224DA', '"PANTALLA DE 22"""', 'BUEN', '', 298.0, 74.5, 223.5, '2019-01-01', 6.21, 4),
('740895006295', 'TECLADO', 'LENOVO', 'SK8825', '', 'BUEN', '', 90.0, 22.5, 67.5, '2019-01-01', 1.88, 4),
('740888230158', 'MOUSE', 'LENOVO', 'MSU1175', '', 'BUEN', '', 15.58, 3.895, 11.69, '2019-01-01', 0.32, 4),
('740899505201', 'CPU', 'LENOVO', 'THINKSTATION P320', 'INTEL XEON E3-1230 8GB RAM 512GB HDD', 'BUEN', 'POSEE TARJETA DE VIDEO NVIDIA QUADRO K620', 6879.0, 1719.75, 5159.25, '2019-01-01', 143.31, 4),
('740877004231', 'MONITOR', 'HP', 'LA2006X', '"PANTALLA DE 20"""', 'BUEN', '', 298.0, 74.5, 223.5, '2019-01-01', 6.21, 4),
('740895006294', 'TECLADO', 'LENOVO', 'SK8825', '', 'BUEN', '', 90.0, 22.5, 67.5, '2019-01-01', 1.88, 4),
('740888230055', 'MOUSE', 'LENOVO', 'MSU1175', '', 'BUEN', '', 15.58, 3.895, 11.69, '2019-01-01', 0.32, 4),
('952278341030', 'PROYECTOR', 'HITACHI', 'CP-WX4042WN', '', 'BUEN', '', 5132.61, 1283.1525, 3849.46, '2019-01-01', 106.93, 4),
('952244234128', 'RACK', 'MEGARACK', 'TV RACK 37-55', '', 'BUEN', '', 150.0, 37.5, 112.5, '2019-01-01', 3.13, 4),
('952281170072', 'SWITCH DE 28 PUERTOS', 'D-LINK', 'VES-1210-28', '', 'BUEN', '', 1860.0, 465.0, 1395.0, '2019-01-01', 38.75, 4)


INSERT INTO Tipo VALUES
('1','Computo'),
('2','Mueble')

-- ingresar datos usuarios

INSERT INTO Usuarios VALUES
('Waldo','Ibarra','Castillo','72668173','WAdmin','waldito123'),
('Jefferson','Farfán','Guadalupe','72668173','Jefry10','FocaRoja'),
('Paolo','Guerrero ','Gonzales','74079421','Paolo09','BlanquiRoja'),
('Lionel','Messi','Cuccittini','72759942','Messi9','BarcelonaM'),
('Edinson','Cavani','Gomez','70445292','Edin10','CavaniCeleste')

-- ingresar datos en ambientes

insert into Ambientes values 
('IN-L1','Laboratorio-1',1001),
('IN-A1','Aula-1',1002),
('IN-L2','Laboratorio-2',1003),
('IN-A2','Aula-2',1004)

USE ControlPatrimonial
-- Insertar datos en tabla Computo
INSERT INTO Bienes VALUES
('740899505208', '1', 'IN-L2'),
('740880370045', '1', 'IN-L2'),
('740895006313', '1', 'IN-L2'),
('740888235415', '1', 'IN-L2'),
('740899506134', '1', 'IN-L2'),
('740877005308', '1', 'IN-L2'),
('740895007251', '1', 'IN-L2'),
('740888232231', '1', 'IN-L2'),
('740899506142', '1', 'IN-L2'),
('740877000036', '1', 'IN-L2'),
('740895007259', '1', 'IN-L2'),
('740888237090', '1', 'IN-L2'),
('740899506141', '1', 'IN-L2'),
('740877005315', '1', 'IN-L2'),
('740895007258', '1', 'IN-L2'),
('740888233276', '1', 'IN-L2'),
('740899505919', '1', 'IN-L2'),
('740877005307', '1', 'IN-L2'),
('740895007250', '1', 'IN-L2'),
('740888231324', '1', 'IN-L2'),
('740899505207', '1', 'IN-L2'),
('740880370044', '1', 'IN-L2'),
('740895006311', '1', 'IN-L2'),
('740888231488', '1', 'IN-L2'),
('740899505206', '1', 'IN-L2'),
('740880370043', '1', 'IN-L2'),
('740895006310', '1', 'IN-L2'),
('740888239877', '1', 'IN-L2'),
('740899506140', '1', 'IN-L2'),
('740877005314', '1', 'IN-L2'),
('740895007257', '1', 'IN-L2'),
('740888236654', '1', 'IN-L2'),
('740899506132', '1', 'IN-L2'),
('740877005306', '1', 'IN-L2'),
('740895007249', '1', 'IN-L2'),
('740888234431', '1', 'IN-L2'),
('740899506131', '1', 'IN-L2'),
('740877005305', '1', 'IN-L2'),
('740895007248', '1', 'IN-L2'),
('740888235675', '1', 'IN-L2'),
('740899506139', '1', 'IN-L2'),
('740877005316', '1', 'IN-L2'),
('740895007255', '1', 'IN-L2'),
('740888237413', '1', 'IN-L2'),
('740899504223', '1', 'IN-L2'),
('740880370042', '1', 'IN-L2'),
('740895006306', '1', 'IN-L2'),
('740888230984', '1', 'IN-L2'),
('740899505203', '1', 'IN-L2'),
('740880370040', '1', 'IN-L2'),
('740895006304', '1', 'IN-L2'),
('740888233711', '1', 'IN-L2'),
('740899506130', '1', 'IN-L2'),
('740877005304', '1', 'IN-L2'),
('740895007247', '1', 'IN-L2'),
('740888238541', '1', 'IN-L2'),
('740899506138', '1', 'IN-L2'),
('740877005312', '1', 'IN-L2'),
('740888238450', '1', 'IN-L2'),
('740899506137', '1', 'IN-L2'),
('740877005311', '1', 'IN-L2'),
('740895007254', '1', 'IN-L2'),
('740888231030', '1', 'IN-L2'),
('740899506129', '1', 'IN-L2'),
('740877005303', '1', 'IN-L2'),
('740895007246', '1', 'IN-L2'),
('740888232630', '1', 'IN-L2'),
('740899505911', '1', 'IN-L2'),
('740880370038', '1', 'IN-L2'),
('740895006303', '1', 'IN-L2'),
('740888230989', '1', 'IN-L2'),
('740899505903', '1', 'IN-L2'),
('740880370037', '1', 'IN-L2'),
('740895006293', '1', 'IN-L2'),
('740888230098', '1', 'IN-L2'),
('740899505212', '1', 'IN-L2'),
('740880370050', '1', 'IN-L2'),
('740895006329', '1', 'IN-L2'),
('740888234562', '1', 'IN-L2'),
('740899506136', '1', 'IN-L2'),
('740877005310', '1', 'IN-L2'),
('740895007253', '1', 'IN-L2'),
('740888230501', '1', 'IN-L2'),
('740899506135', '1', 'IN-L2'),
('740877005309', '1', 'IN-L2'),
('740895007252', '1', 'IN-L2'),
('740888232545', '1', 'IN-L2'),
('740899505210', '1', 'IN-L2'),
('740880370049', '1', 'IN-L2'),
('740895006317', '1', 'IN-L2'),
('740888230589', '1', 'IN-L2'),
('740899506133', '1', 'IN-L2'),
('740877005313', '1', 'IN-L2'),
('740895006295', '1', 'IN-L2'),
('740888230158', '1', 'IN-L2'),
('740899505201', '1', 'IN-L2'),
('740877004231', '1', 'IN-L2'),
('740895006294', '1', 'IN-L2'),
('740888230055', '1', 'IN-L2'),
('952278341030', '1', 'IN-L2'),
('952244234128', '1', 'IN-L2'),
('952281170072', '1', 'IN-L2'),
('740899505183', '1', 'IN-L1'),
('740877004423', '1', 'IN-L1'),
('740895006307', '1', 'IN-L1'),
('740888230401', '1', 'IN-L1'),
('740899505192', '1', 'IN-L1'),
('740877004432', '1', 'IN-L1'),
('740895006319', '1', 'IN-L1'),
('740888230412', '1', 'IN-L1'),
('740899505285', '1', 'IN-L1'),
('740877005577', '1', 'IN-L1'),
('740895006602', '1', 'IN-L1'),
('740888230422', '1', 'IN-L1'),
('740899505284', '1', 'IN-L1'),
('740877005576', '1', 'IN-L1'),
('740895006601', '1', 'IN-L1'),
('740888230433', '1', 'IN-L1'),
('740899505191', '1', 'IN-L1'),
('740877004431', '1', 'IN-L1'),
('740895006318', '1', 'IN-L1'),
('740888230444', '1', 'IN-L1'),
('740899505182', '1', 'IN-L1'),
('740877004422', '1', 'IN-L1'),
('740895006305', '1', 'IN-L1'),
('740888230455', '1', 'IN-L1'),
('748899505180', '1', 'IN-L1'),
('740877004421', '1', 'IN-L1'),
('740895006302', '1', 'IN-L1'),
('740888230466', '1', 'IN-L1'),
('740899505190', '1', 'IN-L1'),
('740877004430', '1', 'IN-L1'),
('740895006316', '1', 'IN-L1'),
('740888230468', '1', 'IN-L1'),
('740899505283', '1', 'IN-L1'),
('740877005575', '1', 'IN-L1'),
('740895006600', '1', 'IN-L1'),
('740888230470', '1', 'IN-L1'),
('740899505482', '1', 'IN-L1'),
('740877005574', '1', 'IN-L1'),
('740895006569', '1', 'IN-L1'),
('740888230473', '1', 'IN-L1'),
('740899505189', '1', 'IN-L1'),
('740877004429', '1', 'IN-L1'),
('740895006315', '1', 'IN-L1'),
('740888230122', '1', 'IN-L1'),
('740899505180', '1', 'IN-L1'),
('740877004420', '1', 'IN-L1'),
('740895006301', '1', 'IN-L1'),
('740888231222', '1', 'IN-L1'),
('740899505179', '1', 'IN-L1'),
('740877004419', '1', 'IN-L1'),
('740895006298', '1', 'IN-L1'),
('740888232423', '1', 'IN-L1'),
('740899505188', '1', 'IN-L1'),
('740877004428', '1', 'IN-L1'),
('740895006314', '1', 'IN-L1'),
('740888231432', '1', 'IN-L1'),
('740899505481', '1', 'IN-L1'),
('740877005573', '1', 'IN-L1'),
('740895006598', '1', 'IN-L1'),
('740888232321', '1', 'IN-L1'),
('740899505480', '1', 'IN-L1'),
('740877005572', '1', 'IN-L1'),
('740895006597', '1', 'IN-L1'),
('740888231254', '1', 'IN-L1'),
('740899505187', '1', 'IN-L1'),
('740877004427', '1', 'IN-L1'),
('740895006312', '1', 'IN-L1'),
('740888233451', '1', 'IN-L1'),
('740899505178', '1', 'IN-L1'),
('740877004418', '1', 'IN-L1'),
('740895006297', '1', 'IN-L1'),
('740888231271', '1', 'IN-L1'),
('740899505176', '1', 'IN-L1'),
('740877004417', '1', 'IN-L1'),
('740895006289', '1', 'IN-L1'),
('740888235412', '1', 'IN-L1'),
('740899505186', '1', 'IN-L1'),
('740877004425', '1', 'IN-L1'),
('740895006309', '1', 'IN-L1'),
('740888231218', '1', 'IN-L1'),
('740899505195', '1', 'IN-L1'),
('740877004434', '1', 'IN-L1'),
('740895006321', '1', 'IN-L1'),
('740888233210', '1', 'IN-L1'),
('740899505194', '1', 'IN-L1'),
('740877004433', '1', 'IN-L1'),
('740895006320', '1', 'IN-L1'),
('740888239874', '1', 'IN-L1'),
('740899505184', '1', 'IN-L1'),
('740877004424', '1', 'IN-L1'),
('740895006308', '1', 'IN-L1'),
('740888237132', '1', 'IN-L1'),
('740899505198', '1', 'IN-L1'),
('740877004415', '1', 'IN-L1'),
('740895006288', '1', 'IN-L1'),
('740888231249', '1', 'IN-L1'),
('740899505272', '1', 'IN-L1'),
('740877004980', '1', 'IN-L1'),
('740895006331', '1', 'IN-L1'),
('740888233267', '1', 'IN-L1'),
('952278341029', '1', 'IN-L1'),
('952265142781', '1', 'IN-L1'),
('952281170069', '1', 'IN-L1'),
('462200500083', '1', 'IN-L1'),
('746461240049', '2', 'IN-A1'),
('74648187B569', '2', 'IN-A1'),
('746461242011', '2', 'IN-A1'),
('746481195600', '2', 'IN-A1'),
('746461240110', '2', 'IN-A1'),
('746483900704', '2', 'IN-A1'),
('746461240149', '2', 'IN-A1'),
('746483900578', '2', 'IN-A1'),
('746461246023', '2', 'IN-A1'),
('746483900699', '2', 'IN-A1'),
('746461240015', '2', 'IN-A1'),
('746483900633', '2', 'IN-A1'),
('746461240014', '2', 'IN-A1'),
('746483900589', '2', 'IN-A1'),
('746461240019', '2', 'IN-A1'),
('746483900688', '2', 'IN-A1'),
('746461240134', '2', 'IN-A1'),
('746483907050', '2', 'IN-A1'),
('746461240136', '2', 'IN-A1'),
('746481195654', '2', 'IN-A1'),
('746461240028', '2', 'IN-A1'),
('746483900632', '2', 'IN-A1'),
('746461240029', '2', 'IN-A1'),
('746483900610', '2', 'IN-A1'),
('746461240025', '2', 'IN-A1'),
('746483900683', '2', 'IN-A1'),
('746461240024', '2', 'IN-A1'),
('746483900706', '2', 'IN-A1'),
('746461240140', '2', 'IN-A1'),
('746483900598', '2', 'IN-A1'),
('746461240144', '2', 'IN-A1'),
('746483900705', '2', 'IN-A1'),
('746461240017', '2', 'IN-A1'),
('746483900614', '2', 'IN-A1'),
('746461240016', '2', 'IN-A1'),
('746483900726', '2', 'IN-A1'),
('746461240013', '2', 'IN-A1'),
('746483900690', '2', 'IN-A1'),
('746461240031', '2', 'IN-A1'),
('746483900682', '2', 'IN-A1'),
('746461240018', '2', 'IN-A1'),
('746481194167', '2', 'IN-A1'),
('746461240107', '2', 'IN-A1'),
('746483900681', '2', 'IN-A1'),
('746461240027', '2', 'IN-A1'),
('746481194250', '2', 'IN-A1'),
('746461240012', '2', 'IN-A1'),
('74648187B589', '2', 'IN-A1'),
('746459832021', '2', 'IN-A1'),
('746483900677', '2', 'IN-A1'),
('004INF02015A', '2', 'IN-A1'),
('005INF03014A', '2', 'IN-A1'),
('746444910091', '2', 'IN-A1'),
('882225251293', '2', 'IN-A1'),
('746461240030', '2', 'IN-A2'),
('746483900642', '2', 'IN-A2'),
('746461240078', '2', 'IN-A2'),
('746412710525', '2', 'IN-A2'),
('746461240153', '2', 'IN-A2'),
('746483900639', '2', 'IN-A2'),
('746461240052', '2', 'IN-A2'),
('74648187B605', '2', 'IN-A2'),
('746461240051', '2', 'IN-A2'),
('746483900725', '2', 'IN-A2'),
('746461240053', '2', 'IN-A2'),
('746483900856', '2', 'IN-A2'),
('746461240108', '2', 'IN-A2'),
('746483900616', '2', 'IN-A2'),
('746461240099', '2', 'IN-A2'),
('746483900358', '2', 'IN-A2'),
('746461240050', '2', 'IN-A2'),
('746483900600', '2', 'IN-A2'),
('746461240047', '2', 'IN-A2'),
('746483900719', '2', 'IN-A2'),
('746461240040', '2', 'IN-A2'),
('746483900634', '2', 'IN-A2'),
('746461240046', '2', 'IN-A2'),
('746483900125', '2', 'IN-A2'),
('746461240158', '2', 'IN-A2'),
('746483900709', '2', 'IN-A2'),
('746461240037', '2', 'IN-A2'),
('746483900563', '2', 'IN-A2'),
('746461240042', '2', 'IN-A2'),
('746483900572', '2', 'IN-A2'),
('746461240041', '2', 'IN-A2'),
('746483900646', '2', 'IN-A2'),
('746461240034', '2', 'IN-A2'),
('746483900656', '2', 'IN-A2'),
('746461240155', '2', 'IN-A2'),
('746483900718', '2', 'IN-A2'),
('746461240032', '2', 'IN-A2'),
('746483900621', '2', 'IN-A2'),
('746421240044', '2', 'IN-A2'),
('746483900604', '2', 'IN-A2'),
('746461240542', '2', 'IN-A2'),
('746461240001', '2', 'IN-A2'),
('746483900720', '2', 'IN-A2'),
('746461240045', '2', 'IN-A2'),
('746483900608', '2', 'IN-A2'),
('746461240039', '2', 'IN-A2'),
('746481194007', '2', 'IN-A2'),
('746461240150', '2', 'IN-A2'),
('74648187B586', '2', 'IN-A2'),
('746483900631', '2', 'IN-A2'),
('746483900703', '2', 'IN-A2'),
('004INF02015B', '2', 'IN-A2'),
('005INF03015A', '2', 'IN-A2'),
('746444610094', '2', 'IN-A2'),
('882225251301', '2', 'IN-A2')

create view BComputo
as
SELECT B.Codigo, C.Estado as Estado, B.Codigo_Tipo
FROM (Bienes B RIGHT JOIN Computo C ON B.Codigo=C.Codigo)

create view BMuebles
as
SELECT B.Codigo, M.Estado as Estado, B.Codigo_Tipo
FROM Bienes B RIGHT JOIN Muebles M ON B.Codigo=M.Codigo

create view BResult 
as
SELECT *
FROM BComputo UNION SELECT *FROM BMuebles



CREATE PROCEDURE reportes
AS 
BEGIN

SELECT
	count(case when BR.Estado = 'BUEN' then BR.Estado else null end) as BUEN_ESTADO,
	count(case when BR.Estado = 'REGULAR' then BR.Estado else null end) AS Estado_Regular,
	count(case when BR.Estado = 'MAL' then BR.Estado else null end) as Mal_Estado,
	count(case when BR.Codigo_Tipo = '2' then BR.Codigo_Tipo else null end) as Nro_Muebles,
	count(case when BR.Codigo_Tipo = '1' then BR.Codigo_Tipo else null end) as Nro_Computo,
	count(BR.Codigo) as Nro_Bienes
	FROM BResult BR
END

exec reportes